,tweet,likes,date_posted,id
0,I wonder how fans of the six English clubs that tried to start the European Super League will react to what has now‚Ä¶ https://t.co/lnZNgPRfiL,0,2021-07-30 21:00:23,1421214110558179328
1,"European Super League: Barcelona, Real Madrid and Juventus 'will continue with plans'. #EuropeanSuperLeague‚Ä¶ https://t.co/cudVloc6Cs",0,2021-07-30 20:29:05,1421206233810448394
2,"Told you, it wasn't going away. Do you really think football is for the fans? It's ALWAYS been about money (even mo‚Ä¶ https://t.co/FhuSJ6jZQn",0,2021-07-30 20:24:41,1421205126803505155
3,"#SuperLeague. This is going to happen, eventually. Just like somethings in life, fans will come around to accept th‚Ä¶ https://t.co/s7nWm8uc4j",0,2021-07-30 20:22:30,1421204576938741767
4,"The problem with the battle between #UEFA and the #europeansuperleague, is that no side is the good guy!!‚Ä¶ https://t.co/mQREv7GFAv",1,2021-07-30 20:08:18,1421201001542045697
5,"Barcelona, Real Madrid and Juventus say they will continue with plans for a #EuropeanSuperLeague, claiming to have‚Ä¶ https://t.co/fDx8dVkAR1",1,2021-07-30 19:43:23,1421194731367899136
6,So a Spanish court found in favour of the 2 leading Spanish clubs. Yep seems right. Nothing to see there. #europeansuperleague,5,2021-07-30 19:42:54,1421194610496389131
7,"HAHAHAHAHAHAHAHAHAHAHAHAHAHAHAHAHAHAHAHAHAHAHAHAHAHAHAHAHAHAHAHAHAHAH
Ceferin shhhhh ü§´ @UEFA @UEFAcom‚Ä¶ https://t.co/cgEGrtWjIc",0,2021-07-30 19:35:15,1421192684857876493
8,"RT @KhelNowWF: #BREAKING: @realmadrid, @FCBarcelona and @juventusfc release joint statement welcoming CAS' decision asking UEFA to revoke a‚Ä¶",0,2021-07-30 19:23:18,1421189678636490752
9,"@UEFAcom kick them out of all European competitions. Don't need them. #EuropeanSuperLeague: Barcelona, Real Madrid‚Ä¶ https://t.co/U6ORLxMByR",0,2021-07-30 18:42:26,1421179393691553795
10,"It's really sad to see @FCBarcelona, @realmadrid &amp; @juventusfc are continuing with this desperately #selfish &amp;‚Ä¶ https://t.co/gilxIKrvul",0,2021-07-30 18:34:58,1421177515071188995
11,"@Jeep @emirates @RakutenJP enemies of football, sponsoring those whose own profit is more important than the game.‚Ä¶ https://t.co/M1NJsMsg0F",0,2021-07-30 18:21:31,1421174131639345157
12,ŒóŒøw do you feel supporting a team that only cares for money? @realmadriden @FCBarcelona @juventusfcen Only brainles‚Ä¶ https://t.co/4ewuYMHS3c,1,2021-07-30 17:22:06,1421159178224156672
13,"The #EuropeanSuperLeague project isn't dead yet: 
We are pleased that going forward we will no longer be subject to‚Ä¶ https://t.co/Izsi10ktG4",0,2021-07-30 17:19:41,1421158567730614274
14,"RT @KhelNowWF: #BREAKING: @realmadrid, @FCBarcelona and @juventusfc release joint statement welcoming CAS' decision asking UEFA to revoke a‚Ä¶",0,2021-07-30 17:10:38,1421156290126958592
15,"#BREAKING: @realmadrid, @FCBarcelona and @juventusfc release joint statement welcoming CAS' decision asking UEFA to‚Ä¶ https://t.co/xB7dRE6D9r",19,2021-07-30 17:06:39,1421155288179044352
16,This Isn‚Äôt over and as soon as the other 9 clubs feel it‚Äôs achievable they will be straight back in. The lot of the‚Ä¶ https://t.co/r9Tf3GZ32X,0,2021-07-30 16:48:32,1421150728568164352
17,Statement on the #EuropeanSuperLeague by #FCBarcelona ‚Ä¶‚Ä¶  https://t.co/Y0BihGaHiE,0,2021-07-30 16:42:38,1421149244459786246
18,"#SuperLeague #ESL #EuropeanSuperLeague #Football 
Oh no... https://t.co/6YAKd8jjlF",0,2021-07-30 16:14:07,1421142069951750146
19,Just when you thought the #EuropeanSuperLeague was over..... https://t.co/W5gIpyUGF8,0,2021-07-30 16:06:35,1421140171957878786
20,"RT @Gerrykeogh2002: Arsenal, Chelsea, Liverpool, Man City, Man Utd and Spurs.
Now realising the European Super League is going to Happen af‚Ä¶",0,2021-07-30 15:51:42,1421136427333660676
21,"RT @Gerrykeogh2002: Arsenal, Chelsea, Liverpool, Man City, Man Utd and Spurs.
Now realising the European Super League is going to Happen af‚Ä¶",0,2021-07-30 15:50:30,1421136126795034637
22,"Arsenal, Chelsea, Liverpool, Man City, Man Utd and Spurs.
Now realising the European Super League is going to Happe‚Ä¶ https://t.co/JTDAiS4bGP",2,2021-07-30 15:50:03,1421136013926207488
23,"The #europeansuperleague didn‚Äôt happen because ‚Äúfootball is for the fans‚Äù. If the fans act with hatred, penalize th‚Ä¶ https://t.co/IVOuVZkKXE",0,2021-07-30 04:18:52,1420962072133869571
24,"RT @theprintedtee: #MUFC #MCFC #CFC #AFC #LFC #THFC

The @premierleague season starts in a few weeks, don‚Äôt let your club forget you NEVER‚Ä¶",0,2021-07-29 13:09:37,1420733248708169733
25,"#MUFC #MCFC #CFC #AFC #LFC #THFC

The @premierleague season starts in a few weeks, don‚Äôt let your club forget you N‚Ä¶ https://t.co/afZyiWZHLg",1,2021-07-29 13:09:31,1420733226243563527
26,RT @org_scp: üö® We call on @SpursOfficial #COYS fans &amp; indeed all football supporters to help bring this nonsense to an end in the same way‚Ä¶,0,2021-07-29 11:57:57,1420715215059099649
27,RT @org_scp: üö® We call on @SpursOfficial #COYS fans &amp; indeed all football supporters to help bring this nonsense to an end in the same way‚Ä¶,0,2021-07-29 09:15:16,1420674276349419524
28,This situation with #espn and #conferencerealignment is scarily similar to what almost happened with the‚Ä¶ https://t.co/pMn62BIKb1,2,2021-07-29 01:59:46,1420564676384002055
29,RT @org_scp: üö® We call on @SpursOfficial #COYS fans &amp; indeed all football supporters to help bring this nonsense to an end in the same way‚Ä¶,0,2021-07-28 19:09:37,1420461461218996226
30,RT @org_scp: üö® We call on @SpursOfficial #COYS fans &amp; indeed all football supporters to help bring this nonsense to an end in the same way‚Ä¶,0,2021-07-28 16:10:38,1420416415434252290
31,RT @org_scp: üö® We call on @SpursOfficial #COYS fans &amp; indeed all football supporters to help bring this nonsense to an end in the same way‚Ä¶,0,2021-07-28 16:08:14,1420415814575038467
32,RT @org_scp: üö® We call on @SpursOfficial #COYS fans &amp; indeed all football supporters to help bring this nonsense to an end in the same way‚Ä¶,0,2021-07-28 15:51:34,1420411617074876419
33,RT @org_scp: üö® We call on @SpursOfficial #COYS fans &amp; indeed all football supporters to help bring this nonsense to an end in the same way‚Ä¶,0,2021-07-28 14:37:54,1420393077915672580
34,Remember the #europeansuperleague that was a wild couple of days wasn't it. @SkySportsF wonder if it will be contin‚Ä¶ https://t.co/H9cU57Ui7U,1,2021-07-28 14:32:24,1420391697146601476
35,RT @org_scp: üö® We call on @SpursOfficial #COYS fans &amp; indeed all football supporters to help bring this nonsense to an end in the same way‚Ä¶,0,2021-07-28 13:59:13,1420383344789970948
36,RT @org_scp: üö® We call on @SpursOfficial #COYS fans &amp; indeed all football supporters to help bring this nonsense to an end in the same way‚Ä¶,0,2021-07-28 13:33:05,1420376767018196995
37,RT @org_scp: üö® We call on @SpursOfficial #COYS fans &amp; indeed all football supporters to help bring this nonsense to an end in the same way‚Ä¶,0,2021-07-28 13:16:59,1420372714473328641
38,I am calling on all football supporters to help bring this nonsense to an end in the same way as the #ESL‚Ä¶ https://t.co/9XtsaEWkHv,0,2021-07-28 12:32:37,1420361553262563330
39,RT @org_scp: üö® We call on @SpursOfficial #COYS fans &amp; indeed all football supporters to help bring this nonsense to an end in the same way‚Ä¶,0,2021-07-28 11:57:10,1420352628639272961
40,RT @org_scp: üö® We call on @SpursOfficial #COYS fans &amp; indeed all football supporters to help bring this nonsense to an end in the same way‚Ä¶,0,2021-07-28 11:54:24,1420351932263239687
41,RT @org_scp: üö® We call on @SpursOfficial #COYS fans &amp; indeed all football supporters to help bring this nonsense to an end in the same way‚Ä¶,0,2021-07-28 11:53:32,1420351715379847175
42,RT @org_scp: üö® We call on @SpursOfficial #COYS fans &amp; indeed all football supporters to help bring this nonsense to an end in the same way‚Ä¶,0,2021-07-28 11:45:50,1420349777707929601
43,RT @org_scp: üö® We call on @SpursOfficial #COYS fans &amp; indeed all football supporters to help bring this nonsense to an end in the same way‚Ä¶,0,2021-07-28 11:45:34,1420349711207342082
44,RT @org_scp: üö® We call on @SpursOfficial #COYS fans &amp; indeed all football supporters to help bring this nonsense to an end in the same way‚Ä¶,0,2021-07-28 11:43:50,1420349272617365517
45,RT @org_scp: üö® We call on @SpursOfficial #COYS fans &amp; indeed all football supporters to help bring this nonsense to an end in the same way‚Ä¶,0,2021-07-28 11:43:48,1420349264077672451
46,RT @org_scp: üö® We call on @SpursOfficial #COYS fans &amp; indeed all football supporters to help bring this nonsense to an end in the same way‚Ä¶,0,2021-07-28 11:43:36,1420349217726517251
47,RT @org_scp: üö® We call on @SpursOfficial #COYS fans &amp; indeed all football supporters to help bring this nonsense to an end in the same way‚Ä¶,0,2021-07-28 11:43:17,1420349135417483265
48,RT @org_scp: üö® We call on @SpursOfficial #COYS fans &amp; indeed all football supporters to help bring this nonsense to an end in the same way‚Ä¶,0,2021-07-28 11:40:56,1420348544964341765
49,RT @org_scp: üö® We call on @SpursOfficial #COYS fans &amp; indeed all football supporters to help bring this nonsense to an end in the same way‚Ä¶,0,2021-07-28 11:40:41,1420348481361874949
50,RT @org_scp: üö® We call on @SpursOfficial #COYS fans &amp; indeed all football supporters to help bring this nonsense to an end in the same way‚Ä¶,0,2021-07-28 11:40:33,1420348449887866883
51,RT @org_scp: üö® We call on @SpursOfficial #COYS fans &amp; indeed all football supporters to help bring this nonsense to an end in the same way‚Ä¶,0,2021-07-28 11:40:10,1420348351946579973
52,RT @org_scp: üö® We call on @SpursOfficial #COYS fans &amp; indeed all football supporters to help bring this nonsense to an end in the same way‚Ä¶,0,2021-07-28 11:38:35,1420347954460778499
53,RT @org_scp: üö® We call on @SpursOfficial #COYS fans &amp; indeed all football supporters to help bring this nonsense to an end in the same way‚Ä¶,0,2021-07-28 11:37:29,1420347675237552130
54,RT @org_scp: üö® We call on @SpursOfficial #COYS fans &amp; indeed all football supporters to help bring this nonsense to an end in the same way‚Ä¶,0,2021-07-28 11:35:27,1420347166162399234
55,RT @org_scp: üö® We call on @SpursOfficial #COYS fans &amp; indeed all football supporters to help bring this nonsense to an end in the same way‚Ä¶,0,2021-07-28 09:05:51,1420309517343076363
56,RT @org_scp: üö® We call on @SpursOfficial #COYS fans &amp; indeed all football supporters to help bring this nonsense to an end in the same way‚Ä¶,0,2021-07-28 08:38:03,1420302521806032899
57,RT @org_scp: üö® We call on @SpursOfficial #COYS fans &amp; indeed all football supporters to help bring this nonsense to an end in the same way‚Ä¶,0,2021-07-28 06:28:04,1420269809057636352
58,RT @org_scp: üö® We call on @SpursOfficial #COYS fans &amp; indeed all football supporters to help bring this nonsense to an end in the same way‚Ä¶,0,2021-07-28 00:32:57,1420180439638102021
59,RT @org_scp: üö® We call on @SpursOfficial #COYS fans &amp; indeed all football supporters to help bring this nonsense to an end in the same way‚Ä¶,0,2021-07-27 23:48:18,1420169204486000640
60,RT @org_scp: üö® We call on @SpursOfficial #COYS fans &amp; indeed all football supporters to help bring this nonsense to an end in the same way‚Ä¶,0,2021-07-27 22:51:32,1420154919231832065
61,RT @org_scp: üö® We call on @SpursOfficial #COYS fans &amp; indeed all football supporters to help bring this nonsense to an end in the same way‚Ä¶,0,2021-07-27 22:34:57,1420150744506847232
62,RT @org_scp: üö® We call on @SpursOfficial #COYS fans &amp; indeed all football supporters to help bring this nonsense to an end in the same way‚Ä¶,0,2021-07-27 21:56:26,1420141051495469061
63,RT @org_scp: üö® We call on @SpursOfficial #COYS fans &amp; indeed all football supporters to help bring this nonsense to an end in the same way‚Ä¶,0,2021-07-27 21:52:35,1420140082745520131
64,RT @org_scp: üö® We call on @SpursOfficial #COYS fans &amp; indeed all football supporters to help bring this nonsense to an end in the same way‚Ä¶,0,2021-07-27 21:50:19,1420139514471886850
65,RT @org_scp: üö® We call on @SpursOfficial #COYS fans &amp; indeed all football supporters to help bring this nonsense to an end in the same way‚Ä¶,0,2021-07-27 20:40:30,1420121942074568708
66,RT @org_scp: üö® We call on @SpursOfficial #COYS fans &amp; indeed all football supporters to help bring this nonsense to an end in the same way‚Ä¶,0,2021-07-27 20:21:18,1420117110567706625
67,RT @org_scp: üö® We call on @SpursOfficial #COYS fans &amp; indeed all football supporters to help bring this nonsense to an end in the same way‚Ä¶,0,2021-07-27 20:12:42,1420114948643069962
68,RT @org_scp: üö® We call on @SpursOfficial #COYS fans &amp; indeed all football supporters to help bring this nonsense to an end in the same way‚Ä¶,0,2021-07-27 19:43:45,1420107661866065925
69,RT @org_scp: üö® We call on @SpursOfficial #COYS fans &amp; indeed all football supporters to help bring this nonsense to an end in the same way‚Ä¶,0,2021-07-27 19:29:51,1420104161744523265
70,RT @org_scp: üö® We call on @SpursOfficial #COYS fans &amp; indeed all football supporters to help bring this nonsense to an end in the same way‚Ä¶,0,2021-07-27 19:26:58,1420103435844784133
71,RT @org_scp: üö® We call on @SpursOfficial #COYS fans &amp; indeed all football supporters to help bring this nonsense to an end in the same way‚Ä¶,0,2021-07-27 18:55:52,1420095613274923010
72,RT @org_scp: üö® We call on @SpursOfficial #COYS fans &amp; indeed all football supporters to help bring this nonsense to an end in the same way‚Ä¶,0,2021-07-27 18:07:19,1420083391819567104
73,RT @org_scp: üö® We call on @SpursOfficial #COYS fans &amp; indeed all football supporters to help bring this nonsense to an end in the same way‚Ä¶,0,2021-07-27 17:28:57,1420073737764941825
74,RT @org_scp: üö® We call on @SpursOfficial #COYS fans &amp; indeed all football supporters to help bring this nonsense to an end in the same way‚Ä¶,0,2021-07-27 17:26:57,1420073235337654272
75,RT @org_scp: üö® We call on @SpursOfficial #COYS fans &amp; indeed all football supporters to help bring this nonsense to an end in the same way‚Ä¶,0,2021-07-27 17:17:30,1420070857398005760
76,RT @org_scp: üö® We call on @SpursOfficial #COYS fans &amp; indeed all football supporters to help bring this nonsense to an end in the same way‚Ä¶,0,2021-07-27 16:52:57,1420064678596784132
77,RT @org_scp: üö® We call on @SpursOfficial #COYS fans &amp; indeed all football supporters to help bring this nonsense to an end in the same way‚Ä¶,0,2021-07-27 16:31:11,1420059202677088258
78,RT @org_scp: üö® We call on @SpursOfficial #COYS fans &amp; indeed all football supporters to help bring this nonsense to an end in the same way‚Ä¶,0,2021-07-27 16:31:07,1420059183219675147
79,RT @org_scp: üö® We call on @SpursOfficial #COYS fans &amp; indeed all football supporters to help bring this nonsense to an end in the same way‚Ä¶,0,2021-07-27 16:30:41,1420059075069554689
80,RT @org_scp: üö® We call on @SpursOfficial #COYS fans &amp; indeed all football supporters to help bring this nonsense to an end in the same way‚Ä¶,0,2021-07-27 16:26:06,1420057921409495045
81,RT @org_scp: üö® We call on @SpursOfficial #COYS fans &amp; indeed all football supporters to help bring this nonsense to an end in the same way‚Ä¶,0,2021-07-27 16:21:51,1420056850062512128
82,RT @org_scp: üö® We call on @SpursOfficial #COYS fans &amp; indeed all football supporters to help bring this nonsense to an end in the same way‚Ä¶,0,2021-07-27 16:15:15,1420055191047507970
83,RT @org_scp: üö® We call on @SpursOfficial #COYS fans &amp; indeed all football supporters to help bring this nonsense to an end in the same way‚Ä¶,0,2021-07-27 16:07:25,1420053221540773890
84,RT @org_scp: üö® We call on @SpursOfficial #COYS fans &amp; indeed all football supporters to help bring this nonsense to an end in the same way‚Ä¶,0,2021-07-27 16:03:03,1420052122675126279
85,RT @org_scp: üö® We call on @SpursOfficial #COYS fans &amp; indeed all football supporters to help bring this nonsense to an end in the same way‚Ä¶,0,2021-07-27 15:59:48,1420051302659276802
86,RT @org_scp: üö® We call on @SpursOfficial #COYS fans &amp; indeed all football supporters to help bring this nonsense to an end in the same way‚Ä¶,0,2021-07-27 15:56:45,1420050533575020549
87,RT @org_scp: üö® We call on @SpursOfficial #COYS fans &amp; indeed all football supporters to help bring this nonsense to an end in the same way‚Ä¶,0,2021-07-27 15:56:29,1420050468835938307
88,RT @org_scp: üö® We call on @SpursOfficial #COYS fans &amp; indeed all football supporters to help bring this nonsense to an end in the same way‚Ä¶,0,2021-07-27 15:55:12,1420050144532254725
89,RT @org_scp: üö® We call on @SpursOfficial #COYS fans &amp; indeed all football supporters to help bring this nonsense to an end in the same way‚Ä¶,0,2021-07-27 15:55:06,1420050119995666432
90,RT @org_scp: üö® We call on @SpursOfficial #COYS fans &amp; indeed all football supporters to help bring this nonsense to an end in the same way‚Ä¶,0,2021-07-27 15:53:41,1420049762691260419
91,RT @org_scp: üö® We call on @SpursOfficial #COYS fans &amp; indeed all football supporters to help bring this nonsense to an end in the same way‚Ä¶,0,2021-07-27 15:45:50,1420047785907326978
92,RT @org_scp: üö® We call on @SpursOfficial #COYS fans &amp; indeed all football supporters to help bring this nonsense to an end in the same way‚Ä¶,0,2021-07-27 15:39:25,1420046173864439808
93,RT @org_scp: üö® We call on @SpursOfficial #COYS fans &amp; indeed all football supporters to help bring this nonsense to an end in the same way‚Ä¶,0,2021-07-27 15:38:10,1420045859576811523
94,RT @org_scp: üö® We call on @SpursOfficial #COYS fans &amp; indeed all football supporters to help bring this nonsense to an end in the same way‚Ä¶,0,2021-07-27 15:37:53,1420045785534799874
95,RT @org_scp: üö® We call on @SpursOfficial #COYS fans &amp; indeed all football supporters to help bring this nonsense to an end in the same way‚Ä¶,0,2021-07-27 15:36:44,1420045497809702915
96,RT @org_scp: üö® We call on @SpursOfficial #COYS fans &amp; indeed all football supporters to help bring this nonsense to an end in the same way‚Ä¶,0,2021-07-27 15:34:51,1420045022544777222
97,RT @org_scp: üö® We call on @SpursOfficial #COYS fans &amp; indeed all football supporters to help bring this nonsense to an end in the same way‚Ä¶,0,2021-07-27 15:34:47,1420045008024051712
98,RT @org_scp: üö® We call on @SpursOfficial #COYS fans &amp; indeed all football supporters to help bring this nonsense to an end in the same way‚Ä¶,0,2021-07-27 15:31:37,1420044210456207362
99,RT @org_scp: üö® We call on @SpursOfficial #COYS fans &amp; indeed all football supporters to help bring this nonsense to an end in the same way‚Ä¶,0,2021-07-27 15:31:04,1420044073688309764
100,RT @org_scp: üö® We call on @SpursOfficial #COYS fans &amp; indeed all football supporters to help bring this nonsense to an end in the same way‚Ä¶,0,2021-07-27 15:29:44,1420043734373310467
101,RT @org_scp: üö® We call on @SpursOfficial #COYS fans &amp; indeed all football supporters to help bring this nonsense to an end in the same way‚Ä¶,0,2021-07-27 15:27:06,1420043073866850311
102,RT @org_scp: üö® We call on @SpursOfficial #COYS fans &amp; indeed all football supporters to help bring this nonsense to an end in the same way‚Ä¶,0,2021-07-27 15:26:27,1420042909202755587
103,RT @org_scp: üö® We call on @SpursOfficial #COYS fans &amp; indeed all football supporters to help bring this nonsense to an end in the same way‚Ä¶,0,2021-07-27 15:25:35,1420042693229654021
104,RT @org_scp: üö® We call on @SpursOfficial #COYS fans &amp; indeed all football supporters to help bring this nonsense to an end in the same way‚Ä¶,0,2021-07-27 15:24:27,1420042404552445957
105,RT @org_scp: üö® We call on @SpursOfficial #COYS fans &amp; indeed all football supporters to help bring this nonsense to an end in the same way‚Ä¶,0,2021-07-27 15:21:18,1420041612453990407
106,RT @org_scp: üö® We call on @SpursOfficial #COYS fans &amp; indeed all football supporters to help bring this nonsense to an end in the same way‚Ä¶,0,2021-07-27 15:20:53,1420041510859509761
107,RT @org_scp: üö® We call on @SpursOfficial #COYS fans &amp; indeed all football supporters to help bring this nonsense to an end in the same way‚Ä¶,0,2021-07-27 15:17:32,1420040665958858752
108,RT @org_scp: üö® We call on @SpursOfficial #COYS fans &amp; indeed all football supporters to help bring this nonsense to an end in the same way‚Ä¶,0,2021-07-27 15:16:18,1420040355374899201
109,RT @org_scp: üö® We call on @SpursOfficial #COYS fans &amp; indeed all football supporters to help bring this nonsense to an end in the same way‚Ä¶,0,2021-07-27 15:14:50,1420039987953815556
110,RT @org_scp: üö® We call on @SpursOfficial #COYS fans &amp; indeed all football supporters to help bring this nonsense to an end in the same way‚Ä¶,0,2021-07-27 15:14:43,1420039957452935169
111,RT @org_scp: üö® We call on @SpursOfficial #COYS fans &amp; indeed all football supporters to help bring this nonsense to an end in the same way‚Ä¶,0,2021-07-27 15:13:17,1420039598357483528
112,RT @org_scp: üö® We call on @SpursOfficial #COYS fans &amp; indeed all football supporters to help bring this nonsense to an end in the same way‚Ä¶,0,2021-07-27 15:13:17,1420039596595875848
113,RT @org_scp: üö® We call on @SpursOfficial #COYS fans &amp; indeed all football supporters to help bring this nonsense to an end in the same way‚Ä¶,0,2021-07-27 15:12:39,1420039437438828546
114,RT @org_scp: üö® We call on @SpursOfficial #COYS fans &amp; indeed all football supporters to help bring this nonsense to an end in the same way‚Ä¶,0,2021-07-27 15:12:07,1420039302612930563
115,RT @org_scp: üö® We call on @SpursOfficial #COYS fans &amp; indeed all football supporters to help bring this nonsense to an end in the same way‚Ä¶,0,2021-07-27 15:12:00,1420039272153985025
116,RT @org_scp: üö® We call on @SpursOfficial #COYS fans &amp; indeed all football supporters to help bring this nonsense to an end in the same way‚Ä¶,0,2021-07-27 15:11:36,1420039174187622402
117,üö® We call on @SpursOfficial #COYS fans &amp; indeed all football supporters to help bring this nonsense to an end in th‚Ä¶ https://t.co/ebteUwaydT,247,2021-07-27 15:10:42,1420038945056952328
118,@CholoColcho @DKostanjsak Get on with the #ESL #EuropeanSuperLeague and all this monopoly will be put to death.,0,2021-07-27 14:11:20,1420024007580127234
119,"@glanton22 @KTD89 @YankGeordie @DrSquatpump As Allan says ,big6 too signed up to #europeansuperleague and were prep‚Ä¶ https://t.co/TbhhnBRk8M",1,2021-07-27 06:55:46,1419914392787996696
120,"RT @adamblaizelives: @Ap3Journalism @TheUnitedWay99 @ManUnitedZone_ 

Big thanks to Adam Perry for including me in his short documentary.‚Ä¶",0,2021-07-26 16:37:07,1419698307362869249
121,"A special thank you to @adamblaizelives, @dominictaylor6_, @JacobRanson27 and @MAAjournalism for the interviews!‚Ä¶ https://t.co/9azbYxFYEh",6,2021-07-26 16:31:25,1419696873489813511
122,"@Ap3Journalism @TheUnitedWay99 @ManUnitedZone_ 

Big thanks to Adam Perry for including me in his short documentary‚Ä¶ https://t.co/w7jDZPnnGN",2,2021-07-26 09:05:21,1419584614813798407
123,"RT @org_scp: What a difference three months makes, since the furore against the #europeansuperleague where fans mobilised to bring it down.‚Ä¶",0,2021-07-25 22:04:29,1419418301059506179
124,"RT @org_scp: What a difference three months makes, since the furore against the #europeansuperleague where fans mobilised to bring it down.‚Ä¶",0,2021-07-25 19:20:56,1419377142643707906
125,"RT @org_scp: What a difference three months makes, since the furore against the #europeansuperleague where fans mobilised to bring it down.‚Ä¶",0,2021-07-25 18:12:40,1419359963655426048
126,"RT @org_scp: What a difference three months makes, since the furore against the #europeansuperleague where fans mobilised to bring it down.‚Ä¶",0,2021-07-25 17:36:50,1419350948221235200
127,"RT @SathyRoksana: Be Confident to complete your Responsibility .
üòáüòáüòá
#DogeDay420 
#Digital #Advertising #agency 
#dcvspbks 
#europeansuperl‚Ä¶",0,2021-07-25 17:30:30,1419349353429307403
128,@jimwaterson @BBC @Olympics I don‚Äôt disagree. Of course that‚Äôs a matter for the @iocmedia. It‚Äôs the continuation of‚Ä¶ https://t.co/D01M6IT2RG,2,2021-07-25 16:20:35,1419331756138840069
129,"RT @org_scp: What a difference three months makes, since the furore against the #europeansuperleague where fans mobilised to bring it down.‚Ä¶",0,2021-07-25 15:19:07,1419316288531337216
130,"RT @org_scp: What a difference three months makes, since the furore against the #europeansuperleague where fans mobilised to bring it down.‚Ä¶",0,2021-07-25 15:13:01,1419314753219014664
131,"RT @org_scp: What a difference three months makes, since the furore against the #europeansuperleague where fans mobilised to bring it down.‚Ä¶",0,2021-07-25 13:43:29,1419292223385051137
132,"RT @org_scp: What a difference three months makes, since the furore against the #europeansuperleague where fans mobilised to bring it down.‚Ä¶",0,2021-07-25 13:37:07,1419290621181837315
133,"RT @org_scp: What a difference three months makes, since the furore against the #europeansuperleague where fans mobilised to bring it down.‚Ä¶",0,2021-07-25 13:35:44,1419290272027000835
134,"RT @org_scp: What a difference three months makes, since the furore against the #europeansuperleague where fans mobilised to bring it down.‚Ä¶",0,2021-07-25 13:25:48,1419287769617256453
135,"RT @org_scp: What a difference three months makes, since the furore against the #europeansuperleague where fans mobilised to bring it down.‚Ä¶",0,2021-07-25 13:17:00,1419285555435786240
136,"RT @org_scp: What a difference three months makes, since the furore against the #europeansuperleague where fans mobilised to bring it down.‚Ä¶",0,2021-07-25 13:15:15,1419285116329811977
137,"RT @org_scp: What a difference three months makes, since the furore against the #europeansuperleague where fans mobilised to bring it down.‚Ä¶",0,2021-07-25 13:12:48,1419284501520424960
138,"RT @org_scp: What a difference three months makes, since the furore against the #europeansuperleague where fans mobilised to bring it down.‚Ä¶",0,2021-07-25 12:45:59,1419277751362592779
139,"RT @org_scp: What a difference three months makes, since the furore against the #europeansuperleague where fans mobilised to bring it down.‚Ä¶",0,2021-07-25 12:39:04,1419276009057173509
140,"RT @org_scp: What a difference three months makes, since the furore against the #europeansuperleague where fans mobilised to bring it down.‚Ä¶",0,2021-07-25 12:35:54,1419275213003444224
141,"RT @org_scp: What a difference three months makes, since the furore against the #europeansuperleague where fans mobilised to bring it down.‚Ä¶",0,2021-07-25 12:35:01,1419274993393971206
142,"RT @org_scp: What a difference three months makes, since the furore against the #europeansuperleague where fans mobilised to bring it down.‚Ä¶",0,2021-07-25 12:32:09,1419274268802789379
143,"RT @org_scp: What a difference three months makes, since the furore against the #europeansuperleague where fans mobilised to bring it down.‚Ä¶",0,2021-07-25 12:32:00,1419274233780244483
144,"RT @org_scp: What a difference three months makes, since the furore against the #europeansuperleague where fans mobilised to bring it down.‚Ä¶",0,2021-07-25 12:17:41,1419270628880826370
145,"RT @org_scp: What a difference three months makes, since the furore against the #europeansuperleague where fans mobilised to bring it down.‚Ä¶",0,2021-07-25 12:06:56,1419267924074897408
146,"RT @org_scp: What a difference three months makes, since the furore against the #europeansuperleague where fans mobilised to bring it down.‚Ä¶",0,2021-07-25 12:02:37,1419266838924611589
147,"RT @org_scp: What a difference three months makes, since the furore against the #europeansuperleague where fans mobilised to bring it down.‚Ä¶",0,2021-07-25 12:00:32,1419266311927046145
148,"RT @org_scp: What a difference three months makes, since the furore against the #europeansuperleague where fans mobilised to bring it down.‚Ä¶",0,2021-07-25 11:57:29,1419265544029720576
149,"RT @org_scp: What a difference three months makes, since the furore against the #europeansuperleague where fans mobilised to bring it down.‚Ä¶",0,2021-07-25 11:56:56,1419265407941287937
150,"RT @org_scp: What a difference three months makes, since the furore against the #europeansuperleague where fans mobilised to bring it down.‚Ä¶",0,2021-07-25 11:55:26,1419265029199835136
151,"RT @org_scp: What a difference three months makes, since the furore against the #europeansuperleague where fans mobilised to bring it down.‚Ä¶",0,2021-07-25 11:51:19,1419263995891027971
152,"RT @org_scp: What a difference three months makes, since the furore against the #europeansuperleague where fans mobilised to bring it down.‚Ä¶",0,2021-07-25 11:51:09,1419263952060657664
153,"RT @org_scp: What a difference three months makes, since the furore against the #europeansuperleague where fans mobilised to bring it down.‚Ä¶",0,2021-07-25 11:40:22,1419261237016268803
154,"RT @org_scp: What a difference three months makes, since the furore against the #europeansuperleague where fans mobilised to bring it down.‚Ä¶",0,2021-07-25 11:38:24,1419260743489409026
155,"RT @org_scp: What a difference three months makes, since the furore against the #europeansuperleague where fans mobilised to bring it down.‚Ä¶",0,2021-07-25 11:38:11,1419260690267877378
156,"RT @org_scp: What a difference three months makes, since the furore against the #europeansuperleague where fans mobilised to bring it down.‚Ä¶",0,2021-07-25 11:31:58,1419259125180010497
157,"RT @org_scp: What a difference three months makes, since the furore against the #europeansuperleague where fans mobilised to bring it down.‚Ä¶",0,2021-07-25 11:13:53,1419254572351115269
158,"RT @org_scp: What a difference three months makes, since the furore against the #europeansuperleague where fans mobilised to bring it down.‚Ä¶",0,2021-07-25 11:12:15,1419254163385552897
159,"RT @org_scp: What a difference three months makes, since the furore against the #europeansuperleague where fans mobilised to bring it down.‚Ä¶",0,2021-07-25 11:10:27,1419253709377318912
160,"RT @org_scp: What a difference three months makes, since the furore against the #europeansuperleague where fans mobilised to bring it down.‚Ä¶",0,2021-07-25 11:10:02,1419253603475263488
161,"RT @org_scp: What a difference three months makes, since the furore against the #europeansuperleague where fans mobilised to bring it down.‚Ä¶",0,2021-07-25 11:08:17,1419253166227529731
162,"RT @org_scp: What a difference three months makes, since the furore against the #europeansuperleague where fans mobilised to bring it down.‚Ä¶",0,2021-07-25 11:04:49,1419252291811618816
163,"RT @org_scp: What a difference three months makes, since the furore against the #europeansuperleague where fans mobilised to bring it down.‚Ä¶",0,2021-07-25 10:59:23,1419250923826724868
164,"RT @org_scp: What a difference three months makes, since the furore against the #europeansuperleague where fans mobilised to bring it down.‚Ä¶",0,2021-07-25 10:59:03,1419250842188849157
165,"RT @org_scp: What a difference three months makes, since the furore against the #europeansuperleague where fans mobilised to bring it down.‚Ä¶",0,2021-07-25 10:54:51,1419249783991115779
166,"RT @org_scp: What a difference three months makes, since the furore against the #europeansuperleague where fans mobilised to bring it down.‚Ä¶",0,2021-07-25 10:51:32,1419248950310313985
167,"RT @org_scp: What a difference three months makes, since the furore against the #europeansuperleague where fans mobilised to bring it down.‚Ä¶",0,2021-07-25 10:51:10,1419248855867133954
168,"What a difference three months makes, since the furore against the #europeansuperleague where fans mobilised to bri‚Ä¶ https://t.co/HAZFnNP4Pa",182,2021-07-25 10:50:10,1419248606721232897
169,I have to say those American #EuropeanSuperLeague naysayers are real quiet right now,0,2021-07-23 22:22:09,1418697971084840960
170,RT @PaulGallant11: Many months ago 6 teams agreed to pay a fine #europeansuperleague break away one point here ¬£3 Million fine was a slap o‚Ä¶,0,2021-07-23 17:55:39,1418630907179814912
171,"RT @eCorky_: Leather Waterproof Sports Shoes | Non-slip Breathable Deodorant Shoe
‚Ç¨ 26.99
Buy Now: https://t.co/9tSM1jRUaX
#leather #men #e‚Ä¶",0,2021-07-23 17:23:08,1418622724721713155
172,RT @davidpalmer2009: Still waiting for the ESL punishment to the Premier League clubs.. @manutd using the fine money to buy Sancho instead.‚Ä¶,0,2021-07-23 13:48:34,1418568723359846401
173,RT @PaulGallant11: Many months ago 6 teams agreed to pay a fine #europeansuperleague break away one point here ¬£3 Million fine was a slap o‚Ä¶,0,2021-07-23 13:15:00,1418560276018995204
174,@SkySportsNews Still waiting for the ESL punishment to the Premier League clubs.. @manutd using the fine money to b‚Ä¶ https://t.co/8EeeafPEzr,0,2021-07-23 12:57:57,1418555988463046657
175,Still waiting for the ESL punishment to the Premier League clubs.. @manutd using the fine money to buy Sancho inste‚Ä¶ https://t.co/owXxapf2Zy,2,2021-07-23 12:56:53,1418555717531881473
176,How could a CJEU ruling on the International Skating Union case frame the response to a Spanish court proceeding on‚Ä¶ https://t.co/ijnDH3bgCV,0,2021-07-23 09:01:03,1418496368222646272
177,Many months ago 6 teams agreed to pay a fine #europeansuperleague break away one point here ¬£3 Million fine was a s‚Ä¶ https://t.co/q3bYZ1sAvf,10,2021-07-23 08:13:55,1418484509771763716
178,"RT @DigitalNStream: More is less: Solving sport‚Äôs business model problem https://t.co/JlbnugWCyg #ESL #europeansuperleague #football
rt @we‚Ä¶",0,2021-07-23 06:58:53,1418465626335612929
179,"European Super League: Billionaires Want to Make More Billions

https://t.co/GuOpsnBsrL

#europeansuperleague‚Ä¶ https://t.co/63hZhye2UA",0,2021-07-23 06:00:40,1418450976017637378
180,"More is less: Solving sport‚Äôs business model problem https://t.co/JlbnugWCyg #ESL #europeansuperleague #football
rt‚Ä¶ https://t.co/xCdpypowU5",2,2021-07-23 04:32:13,1418428715147595777
181,"#NBAFinals are over.. #Olympics2021 are in a bubble. #NFLNews are not exciting yet. 
Lets watch some #esports‚Ä¶ https://t.co/Q08SKNvJnh",0,2021-07-21 22:25:49,1417974119489056769
182,"‚öΩ Social media has been a driver for the commoditization of sport, and Football Marketer Ben Wiggins is qualified t‚Ä¶ https://t.co/NgQmV8qbqq",1,2021-07-21 11:45:18,1417812928368099333
183,Why do I feel the breakaway teams who were stopped from joining the Super League are deliberately not spending tons‚Ä¶ https://t.co/XB8F0ivUDa,0,2021-07-21 10:37:43,1417795919207141378
184,"@robot_lien Halo! here is your unroll: üá™üá∫ Key Opinion leaders ‚öΩ Recently, the failed #EuropeanSuperLeague‚Ä¶‚Ä¶ https://t.co/JUfKPlt4FI",0,2021-07-21 09:50:07,1417783940367126529
185,"RT @PaulGallant11: Can't believe I am counting days special event coming CAT case.
Our #premierleague you will be found out and when it hap‚Ä¶",0,2021-07-21 08:22:50,1417761974138638339
186,"RT @PaulGallant11: Can't believe I am counting days special event coming CAT case.
Our #premierleague you will be found out and when it hap‚Ä¶",0,2021-07-21 07:39:07,1417750974496653317
187,"Can't believe I am counting days special event coming CAT case.
Our #premierleague you will be found out and when i‚Ä¶ https://t.co/iAjImxWKo7",8,2021-07-21 07:38:38,1417750852958314497
188,RT @JosephCFC18: Robbies house after 3 months of arsenal in the super league #europeansuperleague https://t.co/qvAvrW4SSt,0,2021-07-21 02:02:18,1417666211056259073
189,RT @__keepachris__: Is it just me that thinks it's funny that @JHenderson was the driving force against getting rid of the #EuropeanSuperLe‚Ä¶,0,2021-07-20 11:23:16,1417444995162939392
190,"#LaLiga join #UEFA and #FIFA in #EuropeanSuperLeague lawsuit! 

https://t.co/RnTpyEsTGN",0,2021-07-19 22:41:42,1417253342980550660
191,"RT @PerennialPundit: To think #NUFC fans were actually appalled by the idea of a #EuropeanSuperLeague.

I say f*ck the @premierleague and e‚Ä¶",0,2021-07-19 18:57:33,1417196931089063944
192,"RT @PerennialPundit: To think #NUFC fans were actually appalled by the idea of a #EuropeanSuperLeague.

I say f*ck the @premierleague and e‚Ä¶",0,2021-07-19 18:36:24,1417191610132090880
193,"RT @PerennialPundit: To think #NUFC fans were actually appalled by the idea of a #EuropeanSuperLeague.

I say f*ck the @premierleague and e‚Ä¶",0,2021-07-19 18:23:11,1417188284061585410
194,"To think #NUFC fans were actually appalled by the idea of a #EuropeanSuperLeague.

I say f*ck the @premierleague an‚Ä¶ https://t.co/0ciVKJpype",35,2021-07-19 18:20:48,1417187685521895428
195,Is it just me that thinks it's funny that @JHenderson was the driving force against getting rid of the‚Ä¶ https://t.co/l7tChoPvGI,27,2021-07-19 13:36:00,1417116012978348035
196,"RT @hoods53853: Hell nah.
#europeansuperleague #UEFA #iHeartAwards #SuperLeague #video #vairal #tik_tok #foruyou #4upage #coronavirus https‚Ä¶",0,2021-07-18 22:04:29,1416881587707432962
197,"RT @PaulGallant11: To @OliverDowden our Takeover 
We were in London Friday you were not there 15 months of waiting PART 2 you still say its‚Ä¶",0,2021-07-17 18:10:16,1416460255203110921
198,"RT @PaulGallant11: To @OliverDowden our Takeover 
We were in London Friday you were not there 15 months of waiting PART 2 you still say its‚Ä¶",0,2021-07-17 17:50:05,1416455176349786118
199,"RT @PaulGallant11: To @OliverDowden our Takeover 
We were in London Friday you were not there 15 months of waiting PART 2 you still say its‚Ä¶",0,2021-07-17 17:28:23,1416449717018505223
200,"RT @PaulGallant11: To @OliverDowden our Takeover 
We were in London Friday you were not there 15 months of waiting PART 2 you still say its‚Ä¶",0,2021-07-17 13:10:30,1416384816879214595
201,RT @swerytd: You've got to hand it to #GBeebies - who'd've thought they'd last longer than the #EuropeanSuperLeague?,0,2021-07-17 12:57:24,1416381522890919939
202,You've got to hand it to #GBeebies - who'd've thought they'd last longer than the #EuropeanSuperLeague?,7,2021-07-17 12:48:31,1416379285955391494
203,"Hi Guys, #followme I will #followback #RT #retweet #europeansuperleague #Goldbridge #Goldbridgereacts‚Ä¶ https://t.co/0csOniLUP2",0,2021-07-17 12:35:56,1416376120879026176
204,"RT @PaulGallant11: To @OliverDowden our Takeover 
We were in London Friday you were not there 15 months of waiting PART 2 you still say its‚Ä¶",0,2021-07-17 07:35:15,1416300450115117061
205,"To @OliverDowden our Takeover 
We were in London Friday you were not there 15 months of waiting PART 2 you still sa‚Ä¶ https://t.co/tCR0InkCNF",17,2021-07-17 07:01:28,1416291948625899521
206,"RT @stevetibbett: new podcast out today on the campaign to stop #europeansuperleague with @LFC @JoeblottJoe 
https://t.co/iNU9JthbIx",0,2021-07-16 13:35:22,1416028689855361024
207,RT @Anthony04201636: @theMadridZone @elconfidencial If this is Uefa's strategy to tarnish the image of Florentino Perez then it won't work.‚Ä¶,0,2021-07-16 10:12:15,1415977573293699072
208,"RT @stevetibbett: new podcast out today on the campaign to stop #europeansuperleague with @LFC @JoeblottJoe 
https://t.co/iNU9JthbIx",0,2021-07-16 08:50:34,1415957017676685321
209,@theMadridZone @elconfidencial If this is Uefa's strategy to tarnish the image of Florentino Perez then it won't wo‚Ä¶ https://t.co/79uW6OIuff,9,2021-07-16 07:59:43,1415944217462026244
210,Italy makes bid to host 2028 european cup or 2030 world cup.. #europeansuperleague #worldcup #fifa #FIFA21‚Ä¶ https://t.co/YX7j8txVfD,0,2021-07-16 06:53:27,1415927544092651520
211,RT @europeangreens: Feeling betrayed by your favourite team after the #EuropeanSuperLeague fiasco? Why not pick a new favourite in a differ‚Ä¶,0,2021-07-15 20:31:16,1415770963493507076
212,RT @jake_pugh: #europeansuperleague What business is it of govt interfering in when a group of individuals and companies contemplate a lawf‚Ä¶,0,2021-07-15 19:44:32,1415759204124696579
213,"Israel is not Jewish, Israel is Zionist #movement  of hegemony to drainage #treasures of #Easter  part of #world 4‚Ä¶ https://t.co/u3xvkYUM8A",1,2021-07-15 13:19:17,1415662250950467588
214,"new podcast out today on the campaign to stop #europeansuperleague with @LFC @JoeblottJoe 
https://t.co/iNU9JthbIx",3,2021-07-15 08:37:40,1415591383033917443
215,"Out of curiosity, aren‚Äôt Real Madrid, Barcelona &amp; Juve still all for the European Super League? 

Sounds like anoth‚Ä¶ https://t.co/jrNkNCJMTp",0,2021-07-15 07:14:18,1415570402403885056
216,RT @PaulGallant11: Not Amateur leadership no Peter no #europeansuperleague came out of nowhere if you remember Boris fighting the Virus he‚Ä¶,0,2021-07-14 20:52:07,1415413822790242305
217,Not Amateur leadership no Peter no #europeansuperleague came out of nowhere if you remember Boris fighting the Viru‚Ä¶ https://t.co/C75J3DIjpH,1,2021-07-14 19:02:21,1415386202602184713
218,Johnson tried to take credit for ending the #EuropeanSuperLeague again today. Charlatan.,0,2021-07-14 15:26:26,1415331863393095686
219,"RT @theMadridZon: üö®Nepal's PM, KP Sharma Oli has clarified that they will do everything in their power to stop the European Super League go‚Ä¶",0,2021-07-13 16:34:27,1414986591932600325
220,Real‚Äôs #Perez says he‚Äôs #victim of #plot as #Raul and #Casillas #quotes appear ‚Äì https://t.co/itAX5BWF3W #europeansuperleague,0,2021-07-13 15:14:26,1414966454210891777
221,People who love their club  should support superleague because uefa is a mafia. there is nothing poor or rich this‚Ä¶ https://t.co/skI5Er88XR,0,2021-07-13 12:22:17,1414923133123891201
222,RT @LateStageTrib: Sinan Schwarting (@Sir_Writes_aLot) on the recent #EuropeanSuperLeague debacle &amp; why its demise was good for everyone wh‚Ä¶,0,2021-07-12 22:40:10,1414716238526394370
223,RT @LateStageTrib: Sinan Schwarting (@Sir_Writes_aLot) on the recent #EuropeanSuperLeague debacle &amp; why its demise was good for everyone wh‚Ä¶,0,2021-07-12 22:39:26,1414716054262226945
224,Sinan Schwarting (@Sir_Writes_aLot) on the recent #EuropeanSuperLeague debacle &amp; why its demise was good for everyo‚Ä¶ https://t.co/Wq9lqUKoUe,5,2021-07-12 22:38:45,1414715882094440450
225,RT @soccerdiva: Been up all night. Can‚Äôt sleep. The ugly noise racists are making is way too loud &amp; it‚Äôs drowning out the voices of good pe‚Ä¶,0,2021-07-12 19:14:27,1414664470736027658
226,RT @soccerdiva: Been up all night. Can‚Äôt sleep. The ugly noise racists are making is way too loud &amp; it‚Äôs drowning out the voices of good pe‚Ä¶,0,2021-07-12 17:05:10,1414631933691170829
227,RT @soccerdiva: Been up all night. Can‚Äôt sleep. The ugly noise racists are making is way too loud &amp; it‚Äôs drowning out the voices of good pe‚Ä¶,0,2021-07-12 16:20:47,1414620765555675138
228,RT @soccerdiva: Been up all night. Can‚Äôt sleep. The ugly noise racists are making is way too loud &amp; it‚Äôs drowning out the voices of good pe‚Ä¶,0,2021-07-12 13:47:48,1414582264231514117
229,RT @soccerdiva: Been up all night. Can‚Äôt sleep. The ugly noise racists are making is way too loud &amp; it‚Äôs drowning out the voices of good pe‚Ä¶,0,2021-07-12 12:33:04,1414563460520763397
230,RT @soccerdiva: Been up all night. Can‚Äôt sleep. The ugly noise racists are making is way too loud &amp; it‚Äôs drowning out the voices of good pe‚Ä¶,0,2021-07-12 12:22:04,1414560691785175041
231,RT @soccerdiva: Been up all night. Can‚Äôt sleep. The ugly noise racists are making is way too loud &amp; it‚Äôs drowning out the voices of good pe‚Ä¶,0,2021-07-12 12:19:55,1414560148484501510
232,RT @soccerdiva: Been up all night. Can‚Äôt sleep. The ugly noise racists are making is way too loud &amp; it‚Äôs drowning out the voices of good pe‚Ä¶,0,2021-07-12 12:13:55,1414558639097065475
233,RT @soccerdiva: Been up all night. Can‚Äôt sleep. The ugly noise racists are making is way too loud &amp; it‚Äôs drowning out the voices of good pe‚Ä¶,0,2021-07-12 12:10:49,1414557859342438406
234,RT @soccerdiva: Been up all night. Can‚Äôt sleep. The ugly noise racists are making is way too loud &amp; it‚Äôs drowning out the voices of good pe‚Ä¶,0,2021-07-12 12:05:25,1414556499221827585
235,Been up all night. Can‚Äôt sleep. The ugly noise racists are making is way too loud &amp; it‚Äôs drowning out the voices of‚Ä¶ https://t.co/akQUlXjrfP,71,2021-07-12 12:03:19,1414555970483544072
236,The only reason racism fester and continue to aftermath #ItalyvsEngland   &amp; European football is down to @UEFA the‚Ä¶ https://t.co/HwO5NSO0ov,0,2021-07-12 01:33:32,1414397479781638147
237,Liverpool could be about to make millions thanks to Playstation and Disney - Liverpool Echo https://t.co/Di78uy6Xwh‚Ä¶ https://t.co/9YrCg3WO4i,0,2021-07-11 07:03:35,1414118153093672962
238,"1/2
@FA:
When the 6 went to join #europeansuperleague fans of those clubs made THEIR feelings known!‚Ä¶ https://t.co/PR1I8smOPe",0,2021-07-11 06:25:23,1414108539572871168
239,#FSG #LiverpoolFC #EuropeanSuperLeague Liverpool could be about to make millions thanks to Playstation and Disney -‚Ä¶ https://t.co/KZkvUH5763,0,2021-07-11 06:25:09,1414108480793825281
240,"RT @sofiartmedia: EURO 2020-2021 UEFA European Championship Soccer sports seamless background
#dreamstime #EURO2020 #UEFA #banner #wallpape‚Ä¶",0,2021-07-10 23:38:53,1414006239449788416
241,"Football's Coming Home? No singing, say UEFA https://t.co/OVoCKYBTOq at last #uefa showing some balls!
How out of t‚Ä¶ https://t.co/JrHwH1BW2f",0,2021-07-10 21:21:26,1413971648873631744
242,"RT @sofiartmedia: EURO 2020-2021 UEFA European Championship Soccer sports seamless background
#dreamstime #EURO2020 #UEFA #banner #wallpape‚Ä¶",0,2021-07-10 09:56:20,1413799238501339136
243,"RT @sofiartmedia: EURO 2020-2021 UEFA European Championship Soccer sports seamless background
#dreamstime #EURO2020 #UEFA #banner #wallpape‚Ä¶",0,2021-07-10 09:53:33,1413798538425905154
244,"RT @sofiartmedia: EURO 2020-2021 UEFA European Championship Soccer sports seamless background
#dreamstime #EURO2020 #UEFA #banner #wallpape‚Ä¶",0,2021-07-10 09:50:33,1413797785745362944
245,RT @The__Farmster: So. This rumour that Masters had agreed to jump ship from the #PremierLeague to the #EuropeanSuperLeague #ESL and that‚Äôs‚Ä¶,0,2021-07-10 06:04:17,1413740842318184451
246,#ITAENG Dear England #ENG where you want to go without #EuropeanSport #EuropeanSuperLeague This is an Excel Graphic‚Ä¶ https://t.co/0YHeQscWm6,1,2021-07-09 22:17:23,1413623345178980352
247,RT @The__Farmster: So. This rumour that Masters had agreed to jump ship from the #PremierLeague to the #EuropeanSuperLeague #ESL and that‚Äôs‚Ä¶,0,2021-07-09 19:14:08,1413577228311572489
248,RT @The__Farmster: So. This rumour that Masters had agreed to jump ship from the #PremierLeague to the #EuropeanSuperLeague #ESL and that‚Äôs‚Ä¶,0,2021-07-09 16:30:41,1413536092284932096
249,RT @The__Farmster: So. This rumour that Masters had agreed to jump ship from the #PremierLeague to the #EuropeanSuperLeague #ESL and that‚Äôs‚Ä¶,0,2021-07-09 15:09:44,1413515719967338496
250,RT @The__Farmster: So. This rumour that Masters had agreed to jump ship from the #PremierLeague to the #EuropeanSuperLeague #ESL and that‚Äôs‚Ä¶,0,2021-07-09 14:35:59,1413507226438828040
251,RT @The__Farmster: So. This rumour that Masters had agreed to jump ship from the #PremierLeague to the #EuropeanSuperLeague #ESL and that‚Äôs‚Ä¶,0,2021-07-09 13:51:53,1413496131246387201
252,So. This rumour that Masters had agreed to jump ship from the #PremierLeague to the #EuropeanSuperLeague #ESL and t‚Ä¶ https://t.co/BDSkW3TnfS,43,2021-07-09 13:03:58,1413484072123260941
253,"RT @01ivi3r1u6: Turkey played 1st game. Switzerland played day2, in Azerbaijan. Russia played day3, followed by N.Macedonia &amp; Ukraine.

Aft‚Ä¶",0,2021-07-08 21:29:41,1413248949968936962
254,"RT @01ivi3r1u6: Turkey played 1st game. Switzerland played day2, in Azerbaijan. Russia played day3, followed by N.Macedonia &amp; Ukraine.

Aft‚Ä¶",0,2021-07-08 20:30:45,1413234118121377795
255,"RT @01ivi3r1u6: Turkey played 1st game. Switzerland played day2, in Azerbaijan. Russia played day3, followed by N.Macedonia &amp; Ukraine.

Aft‚Ä¶",0,2021-07-08 19:50:51,1413224078773731330
256,"RT @01ivi3r1u6: Turkey played 1st game. Switzerland played day2, in Azerbaijan. Russia played day3, followed by N.Macedonia &amp; Ukraine.

Aft‚Ä¶",0,2021-07-08 16:06:34,1413167635861233666
257,"RT @01ivi3r1u6: Turkey played 1st game. Switzerland played day2, in Azerbaijan. Russia played day3, followed by N.Macedonia &amp; Ukraine.

Aft‚Ä¶",0,2021-07-08 16:04:27,1413167101410480132
258,Looking forward to @GNev2 and @Carra23 rant on this considering football should be available to all. How dare the r‚Ä¶ https://t.co/397xZcOzDe,1,2021-07-08 14:58:26,1413150488673984520
259,"Turkey played 1st game. Switzerland played day2, in Azerbaijan. Russia played day3, followed by N.Macedonia &amp; Ukrai‚Ä¶ https://t.co/Iy1P4Xjxeu",14,2021-07-08 09:15:17,1413064135353450500
260,"@UEFA When will you take action against this? 

You were only with the #europeansuperleague because you would money‚Ä¶ https://t.co/0GenoppwXD",0,2021-07-08 04:34:55,1412993576795926529
261,It is now understandable why Barca and Real pushed so hard for the #europeansuperleague. Their finances seem to be in the red this summer.,0,2021-07-07 13:17:03,1412762586098065409
262,"RT @Awbmasterclass: goodbye to the beautiful game üíîüíî
üíîüíîüíîüíî I WILL ALWAYS LOVE YOU #europeansuperleague 
 https://t.co/k1hNdwMWmm",0,2021-07-07 06:09:42,1412655040901390336
263,"Hi Guys, #followme I will #followback #RT #retweet #europeansuperleague #fifa #football #juventus #KeithAndrew‚Ä¶ https://t.co/7u29zIOBuz",0,2021-07-06 18:08:32,1412473554692571136
264,Why the #EuropeanSuperLeague will eventually happen. https://t.co/lw9M4INjwq,3,2021-07-06 14:57:49,1412425558382755854
265,"@DrJSchwedler this is the Jordanian government
#USA #USAEnemyOfPeace  #USAAWalkaway  #USABMNT  #USALLIN  #ukog‚Ä¶ https://t.co/4eG7JZWaSY",1,2021-07-06 13:47:31,1412407866795958278
266,"Remember the #EuropeanSuperLeague kerfuffle? Well the experiment is now heading to Africa, because ""if anything fai‚Ä¶ https://t.co/cY01OTo6lx",11,2021-07-06 12:26:48,1412387554997977091
267,"@tracey_crouch Now written in 2021, when all of footballs governance wheels have fallen off - &amp; the fan led review‚Ä¶ https://t.co/iwhEqt0XGV",0,2021-07-06 07:36:02,1412314380906205184
268,The real reason behind that #europeansuperleague bollocks. https://t.co/dzrds7xWFM,3,2021-07-06 06:17:30,1412294615101812740
269,UEFA will be ordered to compensate the three European Super League rebels with tens of millions of pounds if it att‚Ä¶ https://t.co/mx98IraaW8,0,2021-07-06 06:09:52,1412292696941600771
270,"What an absolute JOKE! #EuropeanSuperLeague #SuperLeague #NoToSuperLeague

https://t.co/iGOLTHkL0O",0,2021-07-06 05:47:57,1412287180920262659
271,"Boom üí•üí•üí•
#PremierLeague 
#PremierLeagueIsCorrupt 
@premierleague 
@SkySportsPL 
@btsportfootball 
@mrjakehumphrey‚Ä¶ https://t.co/LEIb0jS9kd",0,2021-07-05 17:29:47,1412101414298456066
272,"Rt @wef 
More is less: Solving sport‚Äôs business model problem https://t.co/kcMseeQM3C #ESL #europeansuperleague‚Ä¶ https://t.co/dfpB6662Wg",1,2021-07-05 13:58:05,1412048137531936772
273,You are very correct Russell 14 teams outside #europeansuperleague teams we need their fans acting together for the‚Ä¶ https://t.co/KnjO5Gpnkb,1,2021-07-05 13:41:37,1412043995308507145
274,I'm pretty sure Spurs helped set up the #europeansuperleague in order to get something like this going... https://t.co/8wSW0qam59,0,2021-07-05 08:59:34,1411973015747895298
275,"More is less: Solving sport‚Äôs business model problem https://t.co/tp2ayU7QzI #ESL #europeansuperleague #football
rt‚Ä¶ https://t.co/igDCEShyAc",2,2021-07-04 23:29:06,1411829450807779332
276,"#footballscominghome but, we must not forget about the #EuropeanSuperLeague. The first battle from April 2021 has b‚Ä¶ https://t.co/9H1fiQ9qW4",0,2021-07-04 17:49:45,1411744051402088451
277,"https://t.co/tgHXgmmKgi
Yes I am posting again we all have friends who support their team correct #premierleague do‚Ä¶ https://t.co/JHo39NBmJP",1,2021-07-04 15:13:25,1411704708901781505
278,"After last nights performance, football may well be coming home and I cannot bloody wait for Wednesdays game! Today‚Ä¶ https://t.co/rz62d8xEnr",0,2021-07-04 12:00:02,1411656041465528329
279,"A great example of the fickleness of modern football fans. It is these ""fans"" that the #EuropeanSuperLeague  will b‚Ä¶ https://t.co/V7X3ycBK2V",0,2021-07-03 19:36:04,1411408419421102087
280,"RT @tvukzone: Sky commission #EuropeanSuperLeague documentary with exclusive access. Detalis:

https://t.co/iEhqNBhGMH",0,2021-07-03 19:30:43,1411407073674399745
281,"Sky commission #EuropeanSuperLeague documentary with exclusive access. Detalis:

https://t.co/iEhqNBhGMH",4,2021-07-03 19:30:00,1411406891654209538
282,RT @JakeWoodier: 'Why is our society so top-heavy? The same old thing is reflected in the #EuropeanSuperLeague as in our society: the rich‚Ä¶,0,2021-07-03 18:41:42,1411394738813640711
283,"#EURO2020 let‚Äôs try predicting the 2nd semifinal. I say it will be:

UKRAINE üá∫üá¶ vs. DENMARK üá©üá∞ 

#Euro2021‚Ä¶ https://t.co/SSNpmtqGFm",0,2021-07-03 16:02:57,1411354785593319428
284,"RT @caitriona_smyth: #RememberMyNoah 
His name is Noah Donohoe 
#europeansuperleague 
#NoahsArmy 

Hundreds help search North Belfast for m‚Ä¶",0,2021-07-03 14:27:52,1411330859513307136
285,RT @JakeWoodier: 'Why is our society so top-heavy? The same old thing is reflected in the #EuropeanSuperLeague as in our society: the rich‚Ä¶,0,2021-07-03 13:42:25,1411319420501303299
286,RT @JakeWoodier: 'Why is our society so top-heavy? The same old thing is reflected in the #EuropeanSuperLeague as in our society: the rich‚Ä¶,0,2021-07-03 12:50:18,1411306305919328256
287,RT @JakeWoodier: 'Why is our society so top-heavy? The same old thing is reflected in the #EuropeanSuperLeague as in our society: the rich‚Ä¶,0,2021-07-03 11:58:57,1411293380072648708
288,RT @JakeWoodier: 'Why is our society so top-heavy? The same old thing is reflected in the #EuropeanSuperLeague as in our society: the rich‚Ä¶,0,2021-07-03 11:53:33,1411292022330245122
289,'Why is our society so top-heavy? The same old thing is reflected in the #EuropeanSuperLeague as in our society: th‚Ä¶ https://t.co/gETYw3aJh5,19,2021-07-03 11:48:23,1411290723283054597
290,"European Super League sanctions annulled by Spanish Court.

#EuropeanSuperLeague #Spain #SpanishJustice‚Ä¶ https://t.co/H0PEOZb3iZ",0,2021-07-03 10:00:00,1411263447463915521
291,Has to be retweeted and if we all retweet more pressure on them #Corruption #collusion #Cartel #europeansuperleague‚Ä¶ https://t.co/uHBorxCeii,1,2021-07-02 08:07:44,1410872807697883136
292,"RT @Retro_George: Today's #EuropeanSuperLeague announcement from a PR perspective. Tragically, the owners of the clubs concerned couldn't g‚Ä¶",0,2021-07-02 07:45:43,1410867267961769985
293,"RT @ashraf890251: Check out my Gig on Fiverr: do excel data entry, data entry, quick copy paste https://t.co/HyuZq4sp9P 
#Fiverr #fiverrsel‚Ä¶",0,2021-07-02 02:05:00,1410781522127462405
294,"RT @sofiartmedia: EURO 2020-2021 UEFA European Championship Soccer sports seamless background
#dreamstime #EURO2020 #UEFA #banner #wallpape‚Ä¶",0,2021-07-01 16:49:52,1410641818010755077
295,"A Spanish court ordered UEFA to cancel all legal sanctions imposed on Real Madrid, Barcelona and Juventus for plann‚Ä¶ https://t.co/R0F0QA7Vu1",0,2021-07-01 15:58:58,1410629009851879433
